<?xml version="1.0" encoding="UTF-8"?>
<metadata modelVersion="1.1.0">
  <groupId>vip.blockchain.agriculture</groupId>
  <artifactId>resources</artifactId>
  <versioning>
    <lastUpdated>20241015134135</lastUpdated>
    <snapshot>
      <localCopy>true</localCopy>
    </snapshot>
    <snapshotVersions>
      <snapshotVersion>
        <extension>jar</extension>
        <value>1.0.0-SNAPSHOT</value>
        <updated>20241015134135</updated>
      </snapshotVersion>
      <snapshotVersion>
        <extension>pom</extension>
        <value>1.0.0-SNAPSHOT</value>
        <updated>20241015134135</updated>
      </snapshotVersion>
    </snapshotVersions>
  </versioning>
  <version>1.0.0-SNAPSHOT</version>
</metadata>
